date,start_time,tournament,type,tour,draw,server1,server2,winner,pbp,score,adf_flag,round,surface,duration,status,server1_age,server2_age,server1_ioc,server2_ioc,server1_rank,server2_rank
2016-06-01,12:12:48,Bol,Singles,WTA 125K,32,Anna-Karolina Schmiedlova,Kristina Kucova,1,RRRR;SDrssS;SRSDSRDR;srRrSR;SSsrRRRR;sDSDsRRR;sDSSS;RRssSRSRRSSRSs;RSSSRS;SSRSDrSS.RRRSR;SRSss;SsDRSRRR;RSDRSsRSsS;rRRr;SRsSs,4-6 0-6,1,R32,Clay,01:22:57,,,,SVK,SVK,,
2016-06-01,14:00:12,Bol,Singles,WTA 125K,32,Polona Hercog,Petra Martic,1,rSsAs;DSSRRSRR;sRrRR;RRRSD;Sssrs;SRRSrR;RRSrSr;RSSSDrRsDSSRRr.RSrDr;RSRrR;SSSDS;SRSRrSsRrR;DRSSSRSDRssRrSDSRSRsSS;SSSRS;SSrrRR;SSRss;Rrsrr;RSDRsSss.SSRsS;RSRrSR;rsRSsS;RSSSRRRSSS;SssRrRrSSrSrRSSRAS;SRrRD;ssrsRS,2-6 6-4 1-6,1,R32,Clay,06:17:02,,,,SLO,CRO,,
2016-06-01,20:36:18,Bol,Singles,WTA 125K,32,Grace Min,Ana Konjuh,0,RDRR;rrrR;DSSRArrR;SrASs;RRSRSR;SAsrRrSs;DRSRR.sSrsRs;SSRRRR;ssAA;RSSSs;DRDR;RRDR;SssrA;ssDSS;Ssss,6-1 6-3,1,R32,Clay,00:51:00,,,,USA,CRO,,
2016-06-02,14:12:05,Bol,Singles,WTA 125K,32,Elitsa Kostova,Polona Hercog,1,rSSsS;RRSsSS;SRRRR;SsSrDS;DrRr;SRrSSrsS;RSSRRR.SsDRSS;RrSrSSRr;sRAsRrSS;RSRsDSrR;SSRRSs;RSsSRrsRRR,1-6 0-6,1,R16,Clay,01:05:06,,,,BUL,SLO,,
2016-06-02,15:33:56,Bol,Singles,WTA 125K,32,Ipek Soylu,Ana Konjuh,0,RrSSDD;rDSsRARsrsrsRsSs;RsSDRSRD;rSSSS;sSrRSs;sRrsDR;SRSrrR;RSSAA.RsRSrR;SSSDA;rDDSSSSS;SRrSSRsA;RRDSSR;DsRSSrSDss;SDSRrSSRRD,6-2 6-1,1,R16,Clay,01:07:52,,,,TUR,CRO,,
2016-06-03,12:13:05,Bol,Singles,WTA 125K,32,Stefanie Voegele,Nao Hibino,0,sRsrDR;SssRDS;ssSrs;SSSrRs;rRSrSsSs;sRsSS;SRsrrR;SRrSss.Ssss;ssSS;SrrSrr;SsSs;ssRrrD;SSrRrR;ssrRrr;SSSS,6-2 6-2,1,QF,Clay,01:06:53,,,,SUI,JPN,,
2016-06-03,14:09:07,Bol,Singles,WTA 125K,32,Marina Erakovic,Mandy Minella,1,SsRSA;ssSs;sSAS;sSsDs;SSSS;SSrRSRSS;SSSS;SSrsrS;SDDsRSrR;rsSRRSRr;DSDSRSrsRSrSSRrsrR;sRRRsSRssS.SrrSSs;sRRrSSSS;rSDSRR;DSSSS;SsSs;DSDRr;RSDRR;SrrSSs;sSsS;RrsSsS,5-7 4-6,1,QF,Clay,01:38:14,,,,NZL,LUX,,
2016-06-03,17:37:13,Bol,Singles,WTA 125K,32,Ana Konjuh,Tereza Mrdeza,0,SSSs;sRSSS;rssss;DRRr;SSrsS;SSrRRSRSDSsDsS;RDSRr;RRSSRR;RsSSS.sRSsS;rRsrsR;SRSsS;sRSsrrSs;srrSsS;SsrsS;SSrRRSRR;SsrsRs;SDSSrS;SSSrS;RSSSS;SsSS;R/Rs/RD/Sr/SS/RS/r,6-3 7-6(5),1,QF,Clay,01:29:28,,,,CRO,CRO,,
2016-06-04,13:41:47,Bol,Singles,WTA 125K,32,Polona Hercog,Nao Hibino,0,RsSADS;RRSsRsDr;RsSSS;DRrSR;SrSSRRsRSS;RrSRR.rSRSSS;SSRRRR;ASAS;SSrrss;RSRSSS;SRSSrRSS;SssrrS;SRRRR,6-0 6-2,1,SF,Clay,01:01:32,,,,SLO,JPN,,
2016-06-05,15:38:37,Bol,Singles,WTA 125K,32,Mandy Minella,Polona Hercog,1,sRrSss;RSSrSrsRRr;SRRRSr;DSARrsSrRr;SsrSrs;rSrssDrssS;SSrsDS;SsrsRDDR.rSsrrSRR;SASrRA;rSSSS;RrSSrR;rSSSS;sRrrr;SRSRRR;RRrR;SSSRS,2-6 3-6,1,F,Clay,01:23:35,,,,LUX,SLO,,
2016-09-06,7:07:22,Dalian,Singles,WTA 125K,32,Tatjana Maria,Xinyun Han,1,DRssSrrr;RRsSDr;Srsss;SSSS;RSsRSRArRsSRSs;sSSs;RrRSSR;SSSs;RsssS;SSSA.RrrSsD;SRDSRD;SrsSA;RsRRD;RrSSRR;rSSRsS;Arsrss;SsSS;RrRsssRr;rrsSsS,4-6 4-6,1,R32,Hardcourt,01:28:04,,,,GER,CHN,,
2016-09-06,8:50:38,Dalian,Singles,WTA 125K,32,Aleksandra Krunic,Jia-Jing Lu,1,rSsRSS;SRSsrDrr;SSSRRS;SRRRR;sSSs;rSSDSs;sRRSSS.srssRRDSrD;SrsSs;rSAsrS;SSRSRRSS;sRRrSr;ssSRs;DSssS;RSAsA,1-6 2-6,1,R32,Hardcourt,01:00:44,,,,SRB,CHN,,
2016-09-06,10:03:56,Dalian,Singles,WTA 125K,32,Rebecca Peterson,Fangzhou Liu,0,rSSrAA;SSss;SSSS;rDRR;SSDRrSRr;rRSrR;ARDrR;sSRsS;RSsRSS;srSSS;RSsrRr;sRDssrSrsrRR;S/sr/SS/rs/SS.SSAs;AssRrDSRSDSS;SSsrRS;srSsA;srsSrS;rrDSSAsS;sSSS;SsARrS;rDsrR;srSsA,7-6(2) 6-4,1,R32,Hardcourt,01:38:15,,,,SWE,CHN,,
2016-09-08,7:08:24,Dalian,Singles,WTA 125K,32,Na-Lae Han,Qiang Wang,0,RrSRR;sRsRSrRSSRSS;RSsDsS;SSsrrrss;rRSRssrSSDSS;sSSrS;RDSSss;SSSRs;RsSrRR.SSDRDr;DAsrRR;SSRrSRRR;RsrSSS;rrRsR;RDrSssrsRsRSss;SDSsDRSRSRRR.SrSsDRRsrD;RSRRSSDR;RRrsr;SSRRrSSS;rRSDSsRR;RSRSSS;RSRSSrDSsRrsRR,6-3 1-6 6-1,1,R16,Hardcourt,02:04:02,,,,KOR,CHN,,
2016-09-08,9:25:18,Dalian,Singles,WTA 125K,32,Ying-Ying Duan,Aleksandra Krunic,0,RrsrR;RsSSs;rSSSA;sSSs;rRSrR;RSSRDSrSRsss;SSrsS;SSArA.rsRSDsRSDr;rRARD;rSSrrSRSSDSRSrrSsrrD;SSAS;SSRsRS;RrSSrr;ssSs;rDSDsr;SRDSSrRSSS.sSrDSS;DSrssS;SSsRRRAS;RRsSrSDSRSrsrsRD;rSRRSsSS;RrRSSsSrrR;rSSRss,6-2 3-6 6-1,1,R16,Hardcourt,01:48:08,,,,CHN,SRB,,
2016-09-09,9:45:30,Dalian,Singles,WTA 125K,32,Aleksandra Krunic,Kristyna Pliskova,0,RRRR;SSSS;SRRRSSSS;RRSSSA;sSSrrS;SrDRSssS;ssArRrrr;SsArRS.SSRsS;rSsSRrsS;RDSrr;sAsS;SsSRA;SASs;SrRSRSSS;SSSS;SSRRSS;SSSS,6-2 6-4,1,QF,Hardcourt,00:56:05,,,,SRB,CZE,,
2016-11-15,11:27:27,Limoges,Singles,WTA 125K,32,Tamara Korpatsch,Silvia Soler-Espinosa,1,DRSSSS;RRADSSRR;rrSRSsrD;RSsrrSrSrSDR;SsSDs;SRRSss;sDSDSRrSsRSRRR;SSsrs;sSSS;rRrr.sssRrrRR;SRRSSS;srrSSRSrRD;rrrsSSDSRr;SSSS;rrDr;rrRSSSSS;SDRRsr;SRsSrRSRsS,4-6 3-6,1,R32,Hardcourt,01:33:32,,,,GER,ESP,,
2016-11-15,13:14:13,Limoges,Singles,WTA 125K,32,Natalia Vikhlyantseva,Alexandra Stevenson,1,SDrSrr;SSSA;RRARD;ssSS;RsSSrS;DrssArSS;SDSRRsAS;SsRSDDSS.SrsADrrSSS;DRrSSssrRSSs;RSsSRRsS;DDssrSsS;SsDSA;RrssSS;SsrRDAsS;ArADAA;RRSSSA;SArsDS;SrsSDS;sDRArr.SASrS;DRSDSSrsss;rssrDSSrSS;SSDSS;ASSS;rsSrRr;rDSRR;SRSrArSA;SrsRSDSrsS;rRRsSSSrrR,6-2 5-7 4-6,1,R32,Hardcourt,02:14:56,,,,RUS,USA,,
2016-11-15,15:41:44,Limoges,Singles,WTA 125K,32,Amra Sadikovic,Sorana Cirstea,1,rsrsrr;SSSs;SSRsRRsrSDrR;SrsDsS;SSAS;SssS;RSssDRrsrr.sSADA;SrrRD;SssA;SrSDRD;AssDRrsDRR;ssrrSS;RSSsS;rDSSrSRr,1-6 2-6,1,R32,Hardcourt,01:04:13,,,,SUI,ROU,,
2016-11-15,17:05:21,Limoges,Singles,WTA 125K,32,Dayana Yastremska,Mandy Minella,0,sSrSRRss;RsSss;RrSSSS;rRSSSrRSSRSrSS;SRDSAs;SsSDS;sSSS;RsrSRSrSsRSS;RRrSSr;SSSs.SSSS;SsSDA;SRRRsSSRsrSs;SRSSrRsS;SrsrrD;srDrSsSRSs;SRRsSRss;SssRRrRR;RRsrsR;RRSSRr;RSSrsRrr;rRSSSS,6-4 7-5,1,R32,Hardcourt,01:57:15,,,,UKR,LUX,,
2016-11-15,19:15:01,Limoges,Singles,WTA 125K,32,Stefanie Voegele,Mona Barthel,0,Ssss;AsSRS;SRrRR;SSRRSrrSDr;SRRSSs;SAAs;SSRSS;rRSrR;SssA.srRRr;SArSS;SssS;sSArS;DsSsS;SrrrSSSS;RRSsRSss;ssSS;SDsRSs;sSDsrRRssS,6-3 6-4,1,R32,Hardcourt,01:01:43,,,,SUI,GER,,
2016-11-15,20:28:04,Limoges,Singles,WTA 125K,32,Amandine Hesse,Valentyna Ivakhnenko,0,SrSss;SrRSSS;DSSsS;RsSDRR;SrsSRDrr;SrSSs;rssSDrSrsrSDsS;DrSRr;sSSDRRrSss.RrSssS;rRSSSS;SSSRrRRr;ArrsrSrssS;DrSrR;DrrR;SSSs;SsDRSRsRSrsS;RSSRrD,6-3 6-3,1,R32,Hardcourt,01:23:56,,,,FRA,RUS,,
2016-11-16,10:09:06,Limoges,Singles,WTA 125K,32,Tara Moore,Elise Mertens,0,DrssRSDSSrrR;srsrss;RrssRR;SrsSrrrAARrR;sSSDDS;RDDR;rsRRR;RRrsR;sRRRSSSs;RrASSs;RSssDs;SSSrDRArRR.sSrSRS;RsRrsSRr;RSsRSrSS;RrDR;SrSsS;SSrsS;DrDr;srSrSrSs;sRrSRD;SRDDSR,7-5 6-4,1,R32,Hardcourt,01:37:53,,,,GBR,BEL,,
2016-11-16,12:02:32,Limoges,Singles,WTA 125K,32,Elitsa Kostova,Donna Vekic,1,sRRSRSRr;sRrSss;srrrSR;sSRsA;SrSRSrDSsrrr;SsDSA.SsrSA;SSARA;SSRsRRSS;SSSA;Rrrsr;sRRSSS;RRRASSsrrSRsRSRr;srSArS,0-6 2-6,1,R32,Hardcourt,01:00:35,,,,BUL,CRO,,
2016-11-16,13:14:20,Limoges,Singles,WTA 125K,32,Lucie Hradecka,Isabella Shinikova,0,SSRSs;SrSSS;RSsSrS;rrSrsSSRss;ArSrAs;rRrsR;ASArs;sSrSDRAs;SsrAs.SRArss;RsrRr;DSRSrsRR;sRSAs;sRSSS;RrRsr;SrRASS;ssSRRRsrRssS;DRSSDSSRrD;ArRrSD.rSRsrD;SSSS;rRrSSD;rSSsRs;DDSsSRRssDDR;SsRrADrASrrSsS,6-3 4-6 6-0,1,R32,Hardcourt,01:39:11,,,,CZE,BUL,,
2016-11-16,15:16:40,Limoges,Singles,WTA 125K,32,Cindy Burger,Pauline Parmentier,1,SsrrDSrr;SRrsAs;DRSRR;sssRS;SSsDRRRD;sssS.srRrR;rSSSrS;RSSDDr;rssAS;RsSSs;SSSRA;RRSsRsrSsS;SsSRs,0-6 2-6,1,R32,Hardcourt,00:47:09,,,,NED,FRA,,
2016-11-16,17:04:59,Limoges,Singles,WTA 125K,32,Rebecca Sramkova,Caroline Garcia,0,AssrDs;SSRRSRSs;ssAs;SSRrsS;RDDR;SSrAS;RAsRRArr;SSsS.rSssDA;SSsS;sSsDRS;srSARS;SrrsADsDsS;SDssA;rrSssA;RSsSS;SRSsRs;RSSSRrAS;rrrr;SSSs,6-2 7-5,1,R32,Hardcourt,01:11:01,,,,SVK,FRA,,
2016-11-16,18:31:11,Limoges,Singles,WTA 125K,32,Akgul Amanmuradova,Alize Cornet,1,SSSRRS;SRSDSS;RRrsSr;SsSDs;SSRRRr;ssSs;rsSRSS;rSRAsS.SRRSRSSS;rSSsrs;RrsSSS;SrSDsRrR;SRSRSrSRrsSrRR;rSrSSs;RSSRSRRr;RsSSs;rRSrSSrSRSSS;RRRR;SSRSS;SRRSSS;S/SD/SS/SS/SR/Rs/S.SrSSS;SRrSSrSRRR;SSRsRRSs;sRSSS;SsrrRr;RSSSS;RRrr;RRSRr;SSSs;RSSSrS;rSRSSS;RssSS;S/SR/rS/RS/ss/R,2-6 7-6(5) 6(3)-7,1,R32,Hardcourt,02:38:56,,,,UZB,FRA,,
2016-11-16,21:20:55,Limoges,Singles,WTA 125K,32,Natalia Vikhlyantseva,Oceane Dodin,1,sDsSDRSRsA;rDSsrSSrDR;AsAS;RrASrSRssS;SDssA;SsRSDS;rSASRA;AsSs;DArDR;SSSrS;RSrRSSsDAS;RRrSr.SSRArS;SRSDRsss;rsDsSS;RrrSR;SDSRAA;sSRSRS;RSSDSrss;rrRSsSSDADARSS;rSSRSS,5-7 3-6,1,R16,Hardcourt,01:17:19,,,,RUS,FRA,,
2016-11-17,10:08:09,Limoges,Singles,WTA 125K,32,Sorana Cirstea,Tamara Korpatsch,0,RrSSSs;RSssRS;rrssrr;SSSS;sSRss;srrrR;Sssrs;ArSrDSSRRsRSSRSS;rRSsSrRSSs;rrSSSS;Dssss;SrRRsSRSrSsS;R/SA/sS/RR/rS/SD/s.sSSS;RSSRDR;srsrSS;sRsRrsRD;rsSSS;SSRRSs;SDRRR;sssDS;SrRrR;rSRRr.rsssS;RrrR;rArSDSSS;rSrRSr;rSsSRrrD;SrRRD;Ssrss,6(5)-7 6-4 6-1,1,R16,Hardcourt,02:12:11,,,,ROU,GER,,
2016-11-17,12:34:09,Limoges,Singles,WTA 125K,32,Tara Moore,Donna Vekic,1,SRSsDrSs;ASrSDrSs;ASSs;sDRRSR;SSSs;SRASRRsS;SsRrrD;sASs;RrsDSSss;RSSsDS;RsSSRRDSSRRsRR;RrsSrSDR;s/Sr/DS/ss/Ss/sR/Dr/s.sSSs;SsRrRSsS;sSArRRRsSs;sRsSS;rrsRSsSDSrrASRDr;SsrRsRrSAS;srrRSr;SAAA.rSssRS;DrsDr;sAsDrRRSRASrrr;SrrDsSSs;DSSRrSsrrSSRrSSRsRAS;SsArS;sRSAs;RDrsSSss;RSrsss;rSssDS;sSsRDrrSSS;RrSRD,6(6)-7 6-2 5-7,1,R16,Hardcourt,02:44:11,,,,GBR,CRO,,
2016-11-17,15:30:51,Limoges,Singles,WTA 125K,32,Amandine Hesse,Stefanie Voegele,0,SSss;SrSsrRsrRsss;sSrDSRDsRr;srSAs;SrrssrRR;sRsAA;ssRrss;rSsSS.sRsRrR;SssRDS;SrSsDRsDSRSs;SsrrsS;AssRS;SrSRRr;rsDRAsSRRr;sAARrrSRSS;RrRD,6-2 6-3,1,R16,Hardcourt,01:19:09,,,,FRA,SUI,,
2016-11-17,17:03:00,Limoges,Singles,WTA 125K,32,Alize Cornet,Ivana Jorovic,1,SsSS;rSrsrR;SrSRrSSRSs;rRRR;rSsRsRDsrSSRSs;DSRSSS;SSSRS.DRsSAS;RSSSDS;RsRRr;ARRRSSRR;SRRRsr;SrSsRRSRRSSrRR;srsRrSRr;sSSrRrRsSS;rRsDR,1-6 3-6,1,R16,Hardcourt,01:20:26,,,,FRA,SRB,,
2016-11-17,18:43:43,Limoges,Singles,WTA 125K,32,Caroline Garcia,Lucie Hradecka,0,SRsRRSSS;sSrsDS;sRrASS;rASSs;SsRrRSSS;rrsrSSrr;SADsS;SSADS;rSRsSS.rSsrSA;rsSrSs;SrSrsS;sSSRrS;rSDRSr;ASSs;ssARA;rRSssRSRSS;rSSrRsSDSs;AsSs,6-3 6-4,1,R16,Hardcourt,01:20:05,,,,FRA,CZE,,
2016-11-17,20:16:38,Limoges,Singles,WTA 125K,32,Ekaterina Alexandrova,Pauline Parmentier,0,RSARSDRr;RArsSS;ssSS;AsRSRS;sSsDrS;SRsSS;SSARS;rssDRSSrRsArRR;RSArss;SRASRA;ssRArRSDSS;SSSrrS;S/RS/DR/rR/sr/RS/Rs/R.SASrA;SrrSsS;RsRrSR;SsRAS;ARsss;sssS;sSSS;SSsDRS;srrSRSSs;rSSsS,7-6(6) 6-4,1,R16,Hardcourt,01:25:34,,,,RUS,FRA,,
2016-11-17,21:56:19,Limoges,Singles,WTA 125K,32,Maryna Zanevska,Mandy Minella,1,RSDsrr;ssAA;SSsS;SSrsrrRr;RSSRSS;rRrr;ssSs;RrDSsSrr.SssS;SSSRs;SrSDrSSS;RrRR;SsDrrSSrRSRSrSRsSS;SsRDsrrSSS;rsSrRR;SSRSRS;rSArSs;SSSrS;SSRSrS;SRRrSD,2-6 5-7,1,R16,Hardcourt,01:20:46,,,,BEL,LUX,,
2016-11-18,13:09:31,Limoges,Singles,WTA 125K,32,Stefanie Voegele,Alize Cornet,1,sRrSrSSS;ssADrrSS;rSssS;RsDSSrsRSRSS;SRASrrrSRSsrRAsS;SrSRDR;SrrrsR;RSDSSS;DRSRR;SSSS.RSASrS;rrDr;SRSrrssrSs;rrsSSrRD;SrSRRR;rRSSSS;RsSRrsSRrSRsrsRSSs;RrsSSS;sSsrDRrsSrrSRSRssrRR;SsSs;ssRss;RRSDSSSrSS;R/rD/RR/SR/SR/DR/Dr/S,4-6 6(6)-7,1,QF,Hardcourt,02:16:16,,,,SUI,FRA,,
2016-11-18,15:41:19,Limoges,Singles,WTA 125K,32,Maryna Zanevska,Ekaterina Alexandrova,1,SSRDrD;RssRDR;rsSsS;sRsSs;RSsSRS;SASS;RSrSSRSS;SsSA;rSsSS;SDSArS;AsSs;SrDSsS;s/sS/sS/SS/DS/sD/r.rsSRSrSS;SRRSsS;ArrrsARR;SsDsS;SSrSRA;rSSrrsSs;SSRsrDrr;RRSrR;SSSrrS;rSRsDSRSRr;SSAA;sRsrRSSRRr,6(5)-7 5-7,1,QF,Hardcourt,01:35:12,,,,BEL,RUS,,
2016-11-18,17:33:28,Limoges,Singles,WTA 125K,32,Caroline Garcia,Donna Vekic,0,rRRSr;DRSRsR;sSAs;SRsRRr;SsSDA;rRSRSr;RSSSDs.sDSDRR;sSrrrr;rSSSS;SSSRRs;SrRSSRRSsS;sRsRsS;sRssRS;SSsS;SASs;RRSRSsrr.rrSSrSss;SRAss;RsRRR;sSsS;SSss;SrsSRRSS;SrsRsS;ArRSAS;SRRrR,6-1 4-6 6-3,1,QF,Hardcourt,01:40:01,,,,FRA,CRO,,
2016-11-18,19:28:32,Limoges,Singles,WTA 125K,32,Tamara Korpatsch,Natalia Vikhlyantseva,0,SSSA;SrSRSS;SrSRSs;rSADsRSDSS;rRDsR;sSDSRs;sssrs;SRsrsS;rsRSsS;rssrSrSS.sSDDRSSrSrrsrD;sRrrSSArrSsS;srSSs;RSRRSSSrSRSS;RRRsr;SRRSsS;rSSRDR,6-4 6-1,1,QF,Hardcourt,01:10:47,,,,GER,RUS,,
2016-11-19,16:40:52,Limoges,Singles,WTA 125K,32,Alize Cornet,Ekaterina Alexandrova,0,DsrSRsSS;SAsDRS;rsRrSSSs;SRSsrs;rsrSSRrSSS;SsSS;RrSRSsSRsS;SsDSrDSRDsArDD;rSSRSs.SRrsSS;sSRsS;RSssS;SRSrRSRSSRRR;SsSDS;ssSS;SSDss;SsrrSRrsSRrr.rrSsSRSA;DRrr;srDsrSAs;RsRARR;SSSRS;SSRRRr,3-6 6-2 6-0,1,SF,Hardcourt,01:48:05,,,,FRA,RUS,,
2016-11-19,18:46:23,Limoges,Singles,WTA 125K,32,Caroline Garcia,Natalia Vikhlyantseva,0,sArsS;AsDRrsrsRSsS;SSAs;SSAA;SSsS;SDASs;RSSrSS;SDsSA;SSSS;ASSrRS;SSSS;SSDss;R/Sr/sS/DD/RA/R.RASSS;srrsSrRsRr;SrSss;RSRSRSss;SSSDS;sSAs;SrAsA;sSSrs;rrAsSs.SAss;SDrRR;RrArR;rrSssS;rsDSSRss;SASA;rArSSs;sSRRSS;sSsRRRArSRSS;RSssDs;RsRrSR;SrrRsSSDrr;r/Dr/RS/SR/Rs/SS/AS/r,7-6(3) 3-6 7-6(6),1,SF,Hardcourt,02:24:35,,,,FRA,RUS,,
2016-11-20,15:40:39,Limoges,Singles,WTA 125K,32,Caroline Garcia,Ekaterina Alexandrova,1,sADAS;rSrrSSrR;ASrrsRAs;SSADRA;ARRRR;sAss;SRSSS;SssrRDsS;SDrSsRrR;sRSSs.SRRDr;rSsSA;RSSsDRSRrSRssRSRSrRSRR;SrASRS;ARrrr;ArsRrASS,4-6 0-6,1,F,Hardcourt,01:06:49,,,,FRA,RUS,,
2016-11-22,21:41:08,Honolulu,Singles,WTA 125K,32,Maria Sakkari,Sachia Vickery,1,RSsRSrRR;sRRRsSsS;sRAsS;DRrr;srSRRsSrSRRr;SSSS;DRSSSs;sSDSS;srsSS;sRDRsR;sRRDR;sRsSs.RRSSSrRsRR;RRSRsSSrRSSS;RSRRSsSs;sSSS;SrSrsS;rsSRss;SSRRsRSrrR;SSSS,5-7 2-6,1,R32,Hardcourt,01:30:22,,,,GRE,USA,,
2016-11-22,5:24:11,Honolulu,Singles,WTA 125K,32,Veronica Cepede Royg,Grace Min,1,SRSRSS;SSRSA;SSrRrSSRAS;SSRSS;sSRsS;SRssrrRSrSrR;RrRR;RsRrsD;SSAS.rSRRR;RsrRR;RSRSSrRSRR;SSDrSRsRRSSS;SSss;RsSSrS;SrRrSSsRRssS;SRSrsS;SrRSSrRSRSsRSS;SSrrSRsS,3-6 4-6,1,R32,Hardcourt,01:48:05,,,,PAR,USA,,
2016-11-23,1:18:59,Honolulu,Singles,WTA 125K,32,Nicole Gibbs,Jacqueline Cako,0,rssDSS;SrSrSrrSSs;RsDRR;RssSs;ASrrSS;rSrSSS;SRRSSS;rAssRS;srRrR.RSsSs;SRSSDs;SSsRrS;sRSSrRSRSRDsSS;SrrRssSS;SSSRrRSS;rSSsA;SSARrDSS;srsRRr;RRSSRsRr;srrSSrSA;rSRrr,6-3 7-5,1,R32,Hardcourt,01:39:14,,,,USA,USA,,
2016-11-23,3:12:29,Honolulu,Singles,WTA 125K,32,Sabine Lisicki,Julia Boserup,0,srrSADsrRSRSsA;RSAsS;RDArSsss;SssS;AAAA;RDsRSssrrSSRSS;ArrsSA;SSrSS;ssAs;SSDrDR.ADSrSRSrARRD;RRDSD;SDARSS;SArSrS;SsSDA;sSDRAS;RSSrSS;SrRSrSRSrSARSrSrSS;RSAArRsRAS;SrrsSrRD,6-4 6-4,1,R32,Hardcourt,01:25:16,,,,GER,USA,,
2016-11-23,5:10:38,Honolulu,Singles,WTA 125K,32,Shuai Zhang,Akiko Omae,0,SSrsRS;rArsrSrr;rSsSS;RSrSSrRSSS;SSSS;RSRSSrsS;SSSS;RSRsSS;SSRSs.sSRrrR;RSSSS;RSRSDSSs;ASsS;RSRRsr;SsRrSS;SSRSS;SssS,6-3 6-2,1,R32,Hardcourt,01:02:59,,,,CHN,JPN,,
2016-11-23,21:16:00,Honolulu,Singles,WTA 125K,32,Michaela Gordon,Evgeniya Rodina,1,SsrrsS;SSSS;DRSsRsDR;SSRSS;sRsrRR;rrSsRSSS;sRsSRS;SSAS.SDssRRSrRSRsrSRD;RssSs;RSSrRR;rRSRsSSS;rrsSSS;RSsRSS;RRsRSr,2-6 1-6,1,R32,Hardcourt,01:18:23,,,,USA,RUS,,
2016-11-23,22:47:13,Honolulu,Singles,WTA 125K,32,Nan-Nan Zhang,Catherine Cartan Bellis,1,DRSSSRSRRR;RDsssS;SSRSRS;SrSsS;SRsRSS;rssSs;RSSSrRRSRSsrRR;SSSrS.SRSrRR;RrrAR;RRSSrsSS;RSSSS;RSRsSS;SsSDS;RRRR;SASRRS;rRDR,2-6 3-6,1,R32,Hardcourt,01:04:42,,,,CHN,USA,,
2016-11-24,0:16:53,Honolulu,Singles,WTA 125K,32,Veronica Cepede Royg,Sabine Lisicki,0,SSSs;SAADs;SsSRS;sRASs;SsSs;RSRSss;SSRSs;ssDSrs;ssRSRA;SRssA;sRSRRSSS;rsSRSS;s/rS/RR/SS/rr.RSrSss;srRsSS;AsSrs;DRSSDSRR;SrsSs;SsRRsRrD;SsSS,7-6(2) 6-1,1,R16,Hardcourt,01:16:14,,,,PAR,GER,,
2016-11-24,21:12:20,Honolulu,Singles,WTA 125K,32,Usue Maitane Arconada,Catherine Cartan Bellis,1,rRsSRSrr;RRrr;SDSRRR;RssSrS;RRSSDR;ssRsS;SrSDSRRSRR.RsSSS;RSsrSs;SSsS;SSsS;RSSSs;ssRRRR;RRSSSrsRrsSRSS;RRRSD,1-6 2-6,1,R16,Hardcourt,00:55:15,,,,USA,USA,,
2016-11-24,1:53:07,Honolulu,Singles,WTA 125K,32,Sara Sorribes Tormo,Asia Muhammad,0,SRsrDR;SsrSs;rSrDSr;rSSRDsRR;DSSDRSSS;SRSrDR;RASDSrSDSDsS;RRDSSr;SDSRSS.RSSRsRrsSS;SrSrsRRSSs;ADRDSR;SSAA;SsrSRs;RDRR;rsrSrSrR;SDDrSD;SRSrRSSS;SSRRRsrSrR.DsSRSrsS;SSss;RrsrR;DDSSSrSS;rsrSSDDSrR;SssS;sRRrsr,6-3 4-6 6-1,1,R16,Hardcourt,02:27:04,,,,ESP,USA,,
2016-11-24,23:34:20,Honolulu,Singles,WTA 125K,32,Marina Erakovic,Shuai Zhang,0,sDSsS;ssrRRSSS;RDSSSS;RRDsR;rSSRSs;AsrsS;SrRDR;ARSRRsSS;DsRRr;RDDD;rRSDR;SRRSRSRSsrrssA.SRSSs;rSRASS;DsSDrSSS;SsSrDs;DrRR;sSSA;srsSRS;SSSS;SRSsDRRSrsRR,7-5 6-3,1,R16,Hardcourt,01:33:33,,,,NZL,CHN,,
2016-11-25,22:09:53,Honolulu,Singles,WTA 125K,32,Sara Sorribes Tormo,Catherine Cartan Bellis,1,SSDRRD;SrSSs;DSDRSR;ARRSSS;DSDSDD;Rrrr;rsDDR.SsRsRs;RSDsDR;SSSrRs;RRArD;SRsSRS;SSSS;SsRrsS,1-6 1-6,1,QF,Hardcourt,01:21:06,,,,ESP,USA,,
2016-11-26,7:07:34,Honolulu,Singles,WTA 125K,32,Samantha Crawford,Shuai Zhang,0,sRSSS;RSsSS;SSSS;SSSRrS;RRsRsr;SSSS;SSRsRs;DrssDsARSS;AsrRSS;SsSRS.SRsrsrrsrsRSRR;RsSss;RAsDRssS;rsDRSR;rSRrSR;RsSSRrSs;SrDSsRsRSS;Ssss;rSSrrSAs;sSSDrrRsAs,6-4 6-4,1,QF,Hardcourt,01:17:50,,,,USA,CHN,,
2016-11-26,23:09:45,Honolulu,Singles,WTA 125K,32,Jacqueline Cako,Catherine Cartan Bellis,0,RrRr;sDSSRrss;RRrR;DsSsRS;RRRSR;RSSSA.SSRrsRSrrSrR;SSsRs;rSrSrSRR;SrSrDSRr;sRRRSssA;sSrss;SrSSS;SSSS;rsARSRSs;SrSRSRSRrSSS,6-0 6-4,1,SF,Hardcourt,01:07:00,,,,USA,USA,,
2016-11-27,0:35:45,Honolulu,Singles,WTA 125K,32,Shuai Zhang,Evgeniya Rodina,0,SSrSs;srSRSrrSSRRD;RrRSASSRSrSDrR;SrrRR;SRSsrs;RRSRSR;RRARD;RrARSR.RSrrr;SSRRrSSRSRsS;SSrrSs;rrRSr;RSSSrs;SSsRs;SSRRRARSAS;Rrrr;sAADS,6-2 6-3,1,SF,Hardcourt,01:10:05,,,,CHN,RUS,,
2016-11-28,0:14:03,Honolulu,Singles,WTA 125K,32,Shuai Zhang,Catherine Cartan Bellis,1,ARRSSA;rRDsr;srDssrSrSrRARr;SsSRs;RRDSSR;SSSS;srARSS;SSsS;sSSS;rSSrSrrSss.SSRsS;SDRrSSSRAS;DRRR;sRRSSRsS;rrRsr;SsSrS;sRSSS;sSRsRS,4-6 2-6,1,F,Hardcourt,01:03:00,,,,CHN,USA,,
